name,type,uri
Aptos,Background,https://bafybeidefvxv2rhzt26apifhthfapyrazgeselkomzpag2owkmnzu5r7ey.ipfs.w3s.link/Aptos.png
Blue,Background,https://bafybeidefvxv2rhzt26apifhthfapyrazgeselkomzpag2owkmnzu5r7ey.ipfs.w3s.link/Blue.png
Candyland,Background,https://bafybeidefvxv2rhzt26apifhthfapyrazgeselkomzpag2owkmnzu5r7ey.ipfs.w3s.link/Candyland.png
Green,Background,https://bafybeidefvxv2rhzt26apifhthfapyrazgeselkomzpag2owkmnzu5r7ey.ipfs.w3s.link/Green.png
Interstellar,Background,https://bafybeidefvxv2rhzt26apifhthfapyrazgeselkomzpag2owkmnzu5r7ey.ipfs.w3s.link/Interstellar.png
Mars,Background,https://bafybeidefvxv2rhzt26apifhthfapyrazgeselkomzpag2owkmnzu5r7ey.ipfs.w3s.link/Mars.png
Pink,Background,https://bafybeidefvxv2rhzt26apifhthfapyrazgeselkomzpag2owkmnzu5r7ey.ipfs.w3s.link/Pink.png
Presidential Debate,Background,https://bafybeidefvxv2rhzt26apifhthfapyrazgeselkomzpag2owkmnzu5r7ey.ipfs.w3s.link/Presidential%20Debate.png
Red,Background,https://bafybeidefvxv2rhzt26apifhthfapyrazgeselkomzpag2owkmnzu5r7ey.ipfs.w3s.link/Red.png
Space Station,Background,https://bafybeidefvxv2rhzt26apifhthfapyrazgeselkomzpag2owkmnzu5r7ey.ipfs.w3s.link/Space%20Station.png
Striptease bar,Background,https://bafybeidefvxv2rhzt26apifhthfapyrazgeselkomzpag2owkmnzu5r7ey.ipfs.w3s.link/Striptease%20bar.png
Teal,Background,https://bafybeidefvxv2rhzt26apifhthfapyrazgeselkomzpag2owkmnzu5r7ey.ipfs.w3s.link/Teal.png
Under the sea,Background,https://bafybeidefvxv2rhzt26apifhthfapyrazgeselkomzpag2owkmnzu5r7ey.ipfs.w3s.link/Under%20the%20sea.png
Yellow,Background,https://bafybeidefvxv2rhzt26apifhthfapyrazgeselkomzpag2owkmnzu5r7ey.ipfs.w3s.link/Yellow.png
Aptos badge,Badges,https://bafybeidefvxv2rhzt26apifhthfapyrazgeselkomzpag2owkmnzu5r7ey.ipfs.w3s.link/Aptos%20badge.png
Artist badge,Badges,https://bafybeidefvxv2rhzt26apifhthfapyrazgeselkomzpag2owkmnzu5r7ey.ipfs.w3s.link/Artist%20badge.png
Buidler badge,Badges,https://bafybeidefvxv2rhzt26apifhthfapyrazgeselkomzpag2owkmnzu5r7ey.ipfs.w3s.link/Buidler%20badge.png
CEO badge,Badges,https://bafybeidefvxv2rhzt26apifhthfapyrazgeselkomzpag2owkmnzu5r7ey.ipfs.w3s.link/CEO%20badge.png
CRED badge,Badges,https://bafybeidefvxv2rhzt26apifhthfapyrazgeselkomzpag2owkmnzu5r7ey.ipfs.w3s.link/CRED%20badge.png
CTO badge,Badges,https://bafybeidefvxv2rhzt26apifhthfapyrazgeselkomzpag2owkmnzu5r7ey.ipfs.w3s.link/CTO%20badge.png
Degen badge,Badges,https://bafybeidefvxv2rhzt26apifhthfapyrazgeselkomzpag2owkmnzu5r7ey.ipfs.w3s.link/Degen%20badge.png
Diamond hands badge,Badges,https://bafybeidefvxv2rhzt26apifhthfapyrazgeselkomzpag2owkmnzu5r7ey.ipfs.w3s.link/Diamond%20hands%20badge.png
Engineer badge,Badges,https://bafybeidefvxv2rhzt26apifhthfapyrazgeselkomzpag2owkmnzu5r7ey.ipfs.w3s.link/Engineer%20badge.png
Flipper badge,Badges,https://bafybeidefvxv2rhzt26apifhthfapyrazgeselkomzpag2owkmnzu5r7ey.ipfs.w3s.link/Flipper%20badge.png
Fudder badge,Badges,https://bafybeidefvxv2rhzt26apifhthfapyrazgeselkomzpag2owkmnzu5r7ey.ipfs.w3s.link/Fudder%20badge.png
Growth badge,Badges,https://bafybeidefvxv2rhzt26apifhthfapyrazgeselkomzpag2owkmnzu5r7ey.ipfs.w3s.link/Growth%20badge.png
OG badge,Badges,https://bafybeidefvxv2rhzt26apifhthfapyrazgeselkomzpag2owkmnzu5r7ey.ipfs.w3s.link/OG%20badge.png
Shiller badge,Badges,https://bafybeidefvxv2rhzt26apifhthfapyrazgeselkomzpag2owkmnzu5r7ey.ipfs.w3s.link/Shiller%20badge.png
Staker badge,Badges,https://bafybeidefvxv2rhzt26apifhthfapyrazgeselkomzpag2owkmnzu5r7ey.ipfs.w3s.link/Staker%20badge.png
TowneSquare badge,Badges,https://bafybeidefvxv2rhzt26apifhthfapyrazgeselkomzpag2owkmnzu5r7ey.ipfs.w3s.link/TowneSquare%20badge.png
Whale badge,Badges,https://bafybeidefvxv2rhzt26apifhthfapyrazgeselkomzpag2owkmnzu5r7ey.ipfs.w3s.link/Whale%20badge.png
Beetroot,Body,https://bafybeidefvxv2rhzt26apifhthfapyrazgeselkomzpag2owkmnzu5r7ey.ipfs.w3s.link/Beetroot.png
Ghost,Body,https://bafybeidefvxv2rhzt26apifhthfapyrazgeselkomzpag2owkmnzu5r7ey.ipfs.w3s.link/Ghost.png
Golden,Body,https://bafybeidefvxv2rhzt26apifhthfapyrazgeselkomzpag2owkmnzu5r7ey.ipfs.w3s.link/Golden.png
Hazelnut,Body,https://bafybeidefvxv2rhzt26apifhthfapyrazgeselkomzpag2owkmnzu5r7ey.ipfs.w3s.link/Hazelnut.png
Marshmallow,Body,https://bafybeidefvxv2rhzt26apifhthfapyrazgeselkomzpag2owkmnzu5r7ey.ipfs.w3s.link/Marshmallow.png
OG,Body,https://bafybeidefvxv2rhzt26apifhthfapyrazgeselkomzpag2owkmnzu5r7ey.ipfs.w3s.link/OG.png
Panda,Body,https://bafybeidefvxv2rhzt26apifhthfapyrazgeselkomzpag2owkmnzu5r7ey.ipfs.w3s.link/Panda.png
Solar Spiral,Body,https://bafybeidefvxv2rhzt26apifhthfapyrazgeselkomzpag2owkmnzu5r7ey.ipfs.w3s.link/Solar%20Spiral.png
Wheat,Body,https://bafybeidefvxv2rhzt26apifhthfapyrazgeselkomzpag2owkmnzu5r7ey.ipfs.w3s.link/Wheat.png
Zombie,Body,https://bafybeidefvxv2rhzt26apifhthfapyrazgeselkomzpag2owkmnzu5r7ey.ipfs.w3s.link/Zombie.png
Admiral,Clothes,https://bafybeidefvxv2rhzt26apifhthfapyrazgeselkomzpag2owkmnzu5r7ey.ipfs.w3s.link/Admiral.png
Aligator suit,Clothes,https://bafybeidefvxv2rhzt26apifhthfapyrazgeselkomzpag2owkmnzu5r7ey.ipfs.w3s.link/Aligator%20suit.png
Aptos 2023 World Tour t-shirt,Clothes,https://bafybeidefvxv2rhzt26apifhthfapyrazgeselkomzpag2owkmnzu5r7ey.ipfs.w3s.link/Aptos%202023%20World%20Tour%20t-shirt.png
Aptos 2024 Ecosystem Summit Hoodie,Clothes,https://bafybeidefvxv2rhzt26apifhthfapyrazgeselkomzpag2owkmnzu5r7ey.ipfs.w3s.link/Aptos%202024%20Ecosystem%20Summit%20Hoodie.png
Aptos HK t-shirt,Clothes,https://bafybeidefvxv2rhzt26apifhthfapyrazgeselkomzpag2owkmnzu5r7ey.ipfs.w3s.link/Aptos%20HK%20t-shirt.png
Aptos Hack Holland t-shirt,Clothes,https://bafybeidefvxv2rhzt26apifhthfapyrazgeselkomzpag2owkmnzu5r7ey.ipfs.w3s.link/Aptos%20Hack%20Holland%20t-shirt.png
Aptos Hack Singapore t-shirt,Clothes,https://bafybeidefvxv2rhzt26apifhthfapyrazgeselkomzpag2owkmnzu5r7ey.ipfs.w3s.link/Aptos%20Hack%20Singapore%20t-shirt.png
Aptos hoodie,Clothes,https://bafybeidefvxv2rhzt26apifhthfapyrazgeselkomzpag2owkmnzu5r7ey.ipfs.w3s.link/Aptos%20hoodie.png
Aptos shirt,Clothes,https://bafybeidefvxv2rhzt26apifhthfapyrazgeselkomzpag2owkmnzu5r7ey.ipfs.w3s.link/Aptos%20shirt.png
Bee robot suit,Clothes,https://bafybeidefvxv2rhzt26apifhthfapyrazgeselkomzpag2owkmnzu5r7ey.ipfs.w3s.link/Bee%20robot%20suit.png
Bread neckless,Clothes,https://bafybeidefvxv2rhzt26apifhthfapyrazgeselkomzpag2owkmnzu5r7ey.ipfs.w3s.link/Bread%20neckless.png
Cyber rebel,Clothes,https://bafybeidefvxv2rhzt26apifhthfapyrazgeselkomzpag2owkmnzu5r7ey.ipfs.w3s.link/Cyber%20rebel.png
Equalizer t-shirt,Clothes,https://bafybeidefvxv2rhzt26apifhthfapyrazgeselkomzpag2owkmnzu5r7ey.ipfs.w3s.link/Equalizer%20t-shirt.png
Inu hoodie,Clothes,https://bafybeidefvxv2rhzt26apifhthfapyrazgeselkomzpag2owkmnzu5r7ey.ipfs.w3s.link/Inu%20hoodie.png
Johnny Silverhand vest,Clothes,https://bafybeidefvxv2rhzt26apifhthfapyrazgeselkomzpag2owkmnzu5r7ey.ipfs.w3s.link/Johnny%20Silverhand%20vest.png
Latex belts,Clothes,https://bafybeidefvxv2rhzt26apifhthfapyrazgeselkomzpag2owkmnzu5r7ey.ipfs.w3s.link/Latex%20belts.png
Mandarin shirt,Clothes,https://bafybeidefvxv2rhzt26apifhthfapyrazgeselkomzpag2owkmnzu5r7ey.ipfs.w3s.link/Mandarin%20shirt.png
Maori cloak,Clothes,https://bafybeidefvxv2rhzt26apifhthfapyrazgeselkomzpag2owkmnzu5r7ey.ipfs.w3s.link/Maori%20cloak.png
Mingos feather boa,Clothes,https://bafybeidefvxv2rhzt26apifhthfapyrazgeselkomzpag2owkmnzu5r7ey.ipfs.w3s.link/Mingos%20feather%20boa.png
Monkey suit,Clothes,https://bafybeidefvxv2rhzt26apifhthfapyrazgeselkomzpag2owkmnzu5r7ey.ipfs.w3s.link/Monkey%20suit.png
Pimp,Clothes,https://bafybeidefvxv2rhzt26apifhthfapyrazgeselkomzpag2owkmnzu5r7ey.ipfs.w3s.link/Pimp.png
Ripped shirt,Clothes,https://bafybeidefvxv2rhzt26apifhthfapyrazgeselkomzpag2owkmnzu5r7ey.ipfs.w3s.link/Ripped%20shirt.png
Roman toga,Clothes,https://bafybeidefvxv2rhzt26apifhthfapyrazgeselkomzpag2owkmnzu5r7ey.ipfs.w3s.link/Roman%20toga.png
Samurai,Clothes,https://bafybeidefvxv2rhzt26apifhthfapyrazgeselkomzpag2owkmnzu5r7ey.ipfs.w3s.link/Samurai.png
Snowboard jacket,Clothes,https://bafybeidefvxv2rhzt26apifhthfapyrazgeselkomzpag2owkmnzu5r7ey.ipfs.w3s.link/Snowboard%20jacket.png
Space suit,Clothes,https://bafybeidefvxv2rhzt26apifhthfapyrazgeselkomzpag2owkmnzu5r7ey.ipfs.w3s.link/Space%20suit.png
Terminator,Clothes,https://bafybeidefvxv2rhzt26apifhthfapyrazgeselkomzpag2owkmnzu5r7ey.ipfs.w3s.link/Terminator.png
Terracotta armor,Clothes,https://bafybeidefvxv2rhzt26apifhthfapyrazgeselkomzpag2owkmnzu5r7ey.ipfs.w3s.link/Terracotta%20armor.png
Top gun t-shirt,Clothes,https://bafybeidefvxv2rhzt26apifhthfapyrazgeselkomzpag2owkmnzu5r7ey.ipfs.w3s.link/Top%20gun%20t-shirt.png
Turtleneck,Clothes,https://bafybeidefvxv2rhzt26apifhthfapyrazgeselkomzpag2owkmnzu5r7ey.ipfs.w3s.link/Turtleneck.png
WWI trench coat,Clothes,https://bafybeidefvxv2rhzt26apifhthfapyrazgeselkomzpag2owkmnzu5r7ey.ipfs.w3s.link/WWI%20trench%20coat.png
Anxious,Eyes,https://bafybeidefvxv2rhzt26apifhthfapyrazgeselkomzpag2owkmnzu5r7ey.ipfs.w3s.link/Anxious.png
Apple Vision pro,Eyes,https://bafybeidefvxv2rhzt26apifhthfapyrazgeselkomzpag2owkmnzu5r7ey.ipfs.w3s.link/Apple%20Vision%20pro.png
Aptos glasses,Eyes,https://bafybeidefvxv2rhzt26apifhthfapyrazgeselkomzpag2owkmnzu5r7ey.ipfs.w3s.link/Aptos%20glasses.png
Aviator sunglasses,Eyes,https://bafybeidefvxv2rhzt26apifhthfapyrazgeselkomzpag2owkmnzu5r7ey.ipfs.w3s.link/Aviator%20sunglasses.png
Between the two ferns gum,Eyes,https://bafybeidefvxv2rhzt26apifhthfapyrazgeselkomzpag2owkmnzu5r7ey.ipfs.w3s.link/Between%20the%20two%20ferns%20gum.png
Crying rainbows,Eyes,https://bafybeidefvxv2rhzt26apifhthfapyrazgeselkomzpag2owkmnzu5r7ey.ipfs.w3s.link/Crying%20rainbows.png
Diving mask,Eyes,https://bafybeidefvxv2rhzt26apifhthfapyrazgeselkomzpag2owkmnzu5r7ey.ipfs.w3s.link/Diving%20mask.png
Don’t care,Eyes,https://bafybeidefvxv2rhzt26apifhthfapyrazgeselkomzpag2owkmnzu5r7ey.ipfs.w3s.link/Don’t%20care.png
Doubtful,Eyes,https://bafybeidefvxv2rhzt26apifhthfapyrazgeselkomzpag2owkmnzu5r7ey.ipfs.w3s.link/Doubtful.png
Gansta sunglasses,Eyes,https://bafybeidefvxv2rhzt26apifhthfapyrazgeselkomzpag2owkmnzu5r7ey.ipfs.w3s.link/Gansta%20sunglasses.png
Google glasses,Eyes,https://bafybeidefvxv2rhzt26apifhthfapyrazgeselkomzpag2owkmnzu5r7ey.ipfs.w3s.link/Google%20glasses.png
Laser eyes,Eyes,https://bafybeidefvxv2rhzt26apifhthfapyrazgeselkomzpag2owkmnzu5r7ey.ipfs.w3s.link/Laser%20eyes.png
Night googles,Eyes,https://bafybeidefvxv2rhzt26apifhthfapyrazgeselkomzpag2owkmnzu5r7ey.ipfs.w3s.link/Night%20googles.png
Noggles,Eyes,https://bafybeidefvxv2rhzt26apifhthfapyrazgeselkomzpag2owkmnzu5r7ey.ipfs.w3s.link/Noggles.png
OK mirrored sunglasses,Eyes,https://bafybeidefvxv2rhzt26apifhthfapyrazgeselkomzpag2owkmnzu5r7ey.ipfs.w3s.link/OK%20mirrored%20sunglasses.png
Pirate patch,Eyes,https://bafybeidefvxv2rhzt26apifhthfapyrazgeselkomzpag2owkmnzu5r7ey.ipfs.w3s.link/Pirate%20patch.png
Red mirrored sunglasses,Eyes,https://bafybeidefvxv2rhzt26apifhthfapyrazgeselkomzpag2owkmnzu5r7ey.ipfs.w3s.link/Red%20mirrored%20sunglasses.png
Sleepy,Eyes,https://bafybeidefvxv2rhzt26apifhthfapyrazgeselkomzpag2owkmnzu5r7ey.ipfs.w3s.link/Sleepy.png
Steve Jobs glasses,Eyes,https://bafybeidefvxv2rhzt26apifhthfapyrazgeselkomzpag2owkmnzu5r7ey.ipfs.w3s.link/Steve%20Jobs%20glasses.png
Sunglasses,Eyes,https://bafybeidefvxv2rhzt26apifhthfapyrazgeselkomzpag2owkmnzu5r7ey.ipfs.w3s.link/Sunglasses.png
Valve eye,Eyes,https://bafybeidefvxv2rhzt26apifhthfapyrazgeselkomzpag2owkmnzu5r7ey.ipfs.w3s.link/Valve%20eye.png
Apple pods,Hat,https://bafybeidefvxv2rhzt26apifhthfapyrazgeselkomzpag2owkmnzu5r7ey.ipfs.w3s.link/Apple%20pods.png
Aptos cap,Hat,https://bafybeidefvxv2rhzt26apifhthfapyrazgeselkomzpag2owkmnzu5r7ey.ipfs.w3s.link/Aptos%20cap.png
Aptos umbrella hat,Hat,https://bafybeidefvxv2rhzt26apifhthfapyrazgeselkomzpag2owkmnzu5r7ey.ipfs.w3s.link/Aptos%20umbrella%20hat.png
Bike helmet,Hat,https://bafybeidefvxv2rhzt26apifhthfapyrazgeselkomzpag2owkmnzu5r7ey.ipfs.w3s.link/Bike%20helmet.png
Buidl Stickers,Hat,https://bafybeidefvxv2rhzt26apifhthfapyrazgeselkomzpag2owkmnzu5r7ey.ipfs.w3s.link/Buidl%20Stickers.png
Cowboy,Hat,https://bafybeidefvxv2rhzt26apifhthfapyrazgeselkomzpag2owkmnzu5r7ey.ipfs.w3s.link/Cowboy.png
Donut,Hat,https://bafybeidefvxv2rhzt26apifhthfapyrazgeselkomzpag2owkmnzu5r7ey.ipfs.w3s.link/Donut.png
Doodoo,Hat,https://bafybeidefvxv2rhzt26apifhthfapyrazgeselkomzpag2owkmnzu5r7ey.ipfs.w3s.link/Doodoo.png
Fire,Hat,https://bafybeidefvxv2rhzt26apifhthfapyrazgeselkomzpag2owkmnzu5r7ey.ipfs.w3s.link/Fire.png
Fly hat,Hat,https://bafybeidefvxv2rhzt26apifhthfapyrazgeselkomzpag2owkmnzu5r7ey.ipfs.w3s.link/Fly%20hat.png
Hodl headband,Hat,https://bafybeidefvxv2rhzt26apifhthfapyrazgeselkomzpag2owkmnzu5r7ey.ipfs.w3s.link/Hodl%20headband.png
Ice hair,Hat,https://bafybeidefvxv2rhzt26apifhthfapyrazgeselkomzpag2owkmnzu5r7ey.ipfs.w3s.link/Ice%20hair.png
Irish hat,Hat,https://bafybeidefvxv2rhzt26apifhthfapyrazgeselkomzpag2owkmnzu5r7ey.ipfs.w3s.link/Irish%20hat.png
Laurel crown,Hat,https://bafybeidefvxv2rhzt26apifhthfapyrazgeselkomzpag2owkmnzu5r7ey.ipfs.w3s.link/Laurel%20crown.png
Mingos crown,Hat,https://bafybeidefvxv2rhzt26apifhthfapyrazgeselkomzpag2owkmnzu5r7ey.ipfs.w3s.link/Mingos%20crown.png
Pencilhead,Hat,https://bafybeidefvxv2rhzt26apifhthfapyrazgeselkomzpag2owkmnzu5r7ey.ipfs.w3s.link/Pencilhead.png
Pharaoh hat,Hat,https://bafybeidefvxv2rhzt26apifhthfapyrazgeselkomzpag2owkmnzu5r7ey.ipfs.w3s.link/Pharaoh%20hat.png
Shrimp,Hat,https://bafybeidefvxv2rhzt26apifhthfapyrazgeselkomzpag2owkmnzu5r7ey.ipfs.w3s.link/Shrimp.png
Sorting hat,Hat,https://bafybeidefvxv2rhzt26apifhthfapyrazgeselkomzpag2owkmnzu5r7ey.ipfs.w3s.link/Sorting%20hat.png
The Queen's crown,Hat,https://bafybeidefvxv2rhzt26apifhthfapyrazgeselkomzpag2owkmnzu5r7ey.ipfs.w3s.link/The%20Queen's%20crown.png
Trump hair,Hat,https://bafybeidefvxv2rhzt26apifhthfapyrazgeselkomzpag2owkmnzu5r7ey.ipfs.w3s.link/Trump%20hair.png
WAGMI bandana,Hat,https://bafybeidefvxv2rhzt26apifhthfapyrazgeselkomzpag2owkmnzu5r7ey.ipfs.w3s.link/WAGMI%20bandana.png
Aptos bandana,Mouth,https://bafybeidefvxv2rhzt26apifhthfapyrazgeselkomzpag2owkmnzu5r7ey.ipfs.w3s.link/Aptos%20bandana.png
Band aid,Mouth,https://bafybeidefvxv2rhzt26apifhthfapyrazgeselkomzpag2owkmnzu5r7ey.ipfs.w3s.link/Band%20aid.png
Bubble gum,Mouth,https://bafybeidefvxv2rhzt26apifhthfapyrazgeselkomzpag2owkmnzu5r7ey.ipfs.w3s.link/Bubble%20gum.png
Carrot lover,Mouth,https://bafybeidefvxv2rhzt26apifhthfapyrazgeselkomzpag2owkmnzu5r7ey.ipfs.w3s.link/Carrot%20lover.png
Cigar,Mouth,https://bafybeidefvxv2rhzt26apifhthfapyrazgeselkomzpag2owkmnzu5r7ey.ipfs.w3s.link/Cigar.png
Ciggy,Mouth,https://bafybeidefvxv2rhzt26apifhthfapyrazgeselkomzpag2owkmnzu5r7ey.ipfs.w3s.link/Ciggy.png
Covid cough,Mouth,https://bafybeidefvxv2rhzt26apifhthfapyrazgeselkomzpag2owkmnzu5r7ey.ipfs.w3s.link/Covid%20cough.png
Drooling,Mouth,https://bafybeidefvxv2rhzt26apifhthfapyrazgeselkomzpag2owkmnzu5r7ey.ipfs.w3s.link/Drooling.png
Evil smile,Mouth,https://bafybeidefvxv2rhzt26apifhthfapyrazgeselkomzpag2owkmnzu5r7ey.ipfs.w3s.link/Evil%20smile.png
Godzilla fire,Mouth,https://bafybeidefvxv2rhzt26apifhthfapyrazgeselkomzpag2owkmnzu5r7ey.ipfs.w3s.link/Godzilla%20fire.png
Humpf,Mouth,https://bafybeidefvxv2rhzt26apifhthfapyrazgeselkomzpag2owkmnzu5r7ey.ipfs.w3s.link/Humpf.png
Lip biting,Mouth,https://bafybeidefvxv2rhzt26apifhthfapyrazgeselkomzpag2owkmnzu5r7ey.ipfs.w3s.link/Lip%20biting.png
Nah,Mouth,https://bafybeidefvxv2rhzt26apifhthfapyrazgeselkomzpag2owkmnzu5r7ey.ipfs.w3s.link/Nah.png
Santa beard,Mouth,https://bafybeidefvxv2rhzt26apifhthfapyrazgeselkomzpag2owkmnzu5r7ey.ipfs.w3s.link/Santa%20beard.png
Uneaten leaves,Mouth,https://bafybeidefvxv2rhzt26apifhthfapyrazgeselkomzpag2owkmnzu5r7ey.ipfs.w3s.link/Uneaten%20leaves.png
Vape,Mouth,https://bafybeidefvxv2rhzt26apifhthfapyrazgeselkomzpag2owkmnzu5r7ey.ipfs.w3s.link/Vape.png
Yelling,Mouth,https://bafybeidefvxv2rhzt26apifhthfapyrazgeselkomzpag2owkmnzu5r7ey.ipfs.w3s.link/Yelling.png
Cool Sloth,Wrapper,https://bafybeidefvxv2rhzt26apifhthfapyrazgeselkomzpag2owkmnzu5r7ey.ipfs.w3s.link/Beetroot.png
Cool Sloth,Wrapper,https://bafybeidefvxv2rhzt26apifhthfapyrazgeselkomzpag2owkmnzu5r7ey.ipfs.w3s.link/Ghost.png
Cool Sloth,Wrapper,https://bafybeidefvxv2rhzt26apifhthfapyrazgeselkomzpag2owkmnzu5r7ey.ipfs.w3s.link/Golden.png
Cool Sloth,Wrapper,https://bafybeidefvxv2rhzt26apifhthfapyrazgeselkomzpag2owkmnzu5r7ey.ipfs.w3s.link/Hazelnut.png
Cool Sloth,Wrapper,https://bafybeidefvxv2rhzt26apifhthfapyrazgeselkomzpag2owkmnzu5r7ey.ipfs.w3s.link/Marshmallow.png
Cool Sloth,Wrapper,https://bafybeidefvxv2rhzt26apifhthfapyrazgeselkomzpag2owkmnzu5r7ey.ipfs.w3s.link/OG.png
Cool Sloth,Wrapper,https://bafybeidefvxv2rhzt26apifhthfapyrazgeselkomzpag2owkmnzu5r7ey.ipfs.w3s.link/Panda.png
Cool Sloth,Wrapper,https://bafybeidefvxv2rhzt26apifhthfapyrazgeselkomzpag2owkmnzu5r7ey.ipfs.w3s.link/Solar%20Spiral.png
Cool Sloth,Wrapper,https://bafybeidefvxv2rhzt26apifhthfapyrazgeselkomzpag2owkmnzu5r7ey.ipfs.w3s.link/Wheat.png
Cool Sloth,Wrapper,https://bafybeidefvxv2rhzt26apifhthfapyrazgeselkomzpag2owkmnzu5r7ey.ipfs.w3s.link/Zombie.png
